{
  "accurancy": 66.54790229781301,
  "mean_absolute_error": 53.866251367775114,
  "mean_squared_error": 7437.26634805141,
  "max_error": 493.23450892131035
}