{
  "accurancy": 57.60474374075668,
  "mean_absolute_error": 64.29565186323802,
  "mean_squared_error": 9422.221479648486,
  "max_error": 442.23020971997556
}