{
  "accurancy": 72.45672343281755,
  "mean_absolute_error": 27.013341365960468,
  "mean_squared_error": 3162.3135468946934,
  "max_error": 473.5320564588509
}