{
  "accurancy": 19.27382097051551,
  "mean_absolute_error": 43.75382261231674,
  "mean_squared_error": 3338.538552054456,
  "max_error": 129.61686770278607
}