{
  "accurancy": -4.0860190655383155,
  "mean_absolute_error": 2.7171241039431493,
  "mean_squared_error": 10.101522128805724,
  "max_error": 5.779575150382478
}