{
  "accurancy": 56.041850086157076,
  "mean_absolute_error": 145.79480095173386,
  "mean_squared_error": 46490.31786700529,
  "max_error": 1018.264724618627
}