{
  "accurancy": -2.71177570241643,
  "mean_absolute_error": 2.6836622485654176,
  "mean_squared_error": 9.968152153975588,
  "max_error": 5.498568971021073
}